"2021-12-27 10:22:00","task-Scheduled-1","1224","INFO","任务【1224】定时同步开始执行",""
"2021-12-27 10:22:00","task-Scheduled-1","1224","INFO","任务【1224】定时同步执行完成",""
"2021-12-27 10:23:00","task-Scheduled-1","1224","INFO","任务【1224】定时同步开始执行",""
"2021-12-27 10:23:00","task-Scheduled-1","1224","INFO","任务【1224】定时同步执行完成",""
"2021-12-27 10:24:00","task-Scheduled-2","1224","INFO","任务【1224】定时同步开始执行",""
"2021-12-27 10:24:00","task-Scheduled-2","1224","INFO","任务【1224】定时同步执行完成",""
"2021-12-27 10:25:00","task-Scheduled-1","1224","INFO","任务【1224】定时同步开始执行",""
"2021-12-27 10:25:00","task-Scheduled-1","1224","INFO","任务【1224】定时同步执行完成",""
"2021-12-27 10:26:00","task-Scheduled-3","1224","INFO","任务【1224】定时同步开始执行",""
"2021-12-27 10:26:00","task-Scheduled-3","1224","INFO","任务【1224】定时同步执行完成",""
"2021-12-27 10:27:00","task-Scheduled-2","1224","INFO","任务【1224】定时同步开始执行",""
"2021-12-27 10:27:00","task-Scheduled-2","1224","INFO","任务【1224】定时同步执行完成",""
"2021-12-27 10:28:00","task-Scheduled-4","1224","INFO","任务【1224】定时同步开始执行",""
"2021-12-27 10:28:00","task-Scheduled-4","1224","INFO","任务【1224】定时同步执行完成",""
"2021-12-27 10:29:00","task-Scheduled-1","1224","INFO","任务【1224】定时同步开始执行",""
"2021-12-27 10:29:00","task-Scheduled-1","1224","INFO","任务【1224】定时同步执行完成",""
"2021-12-27 10:30:00","task-Scheduled-5","1224","INFO","任务【1224】定时同步开始执行",""
"2021-12-27 10:30:00","task-Scheduled-5","1224","INFO","任务【1224】定时同步执行完成",""
"2021-12-27 10:31:00","task-Scheduled-5","1224","INFO","任务【1224】定时同步开始执行",""
"2021-12-27 10:31:00","task-Scheduled-5","1224","INFO","任务【1224】定时同步执行完成",""
"2021-12-27 10:32:00","task-Scheduled-5","1224","INFO","任务【1224】定时同步开始执行",""
"2021-12-27 10:32:00","task-Scheduled-5","1224","INFO","任务【1224】定时同步执行完成",""
"2021-12-27 10:33:00","task-Scheduled-5","1224","INFO","任务【1224】定时同步开始执行",""
"2021-12-27 10:33:00","task-Scheduled-5","1224","INFO","任务【1224】定时同步执行完成",""
"2021-12-27 10:34:00","task-Scheduled-5","1224","INFO","任务【1224】定时同步开始执行",""
"2021-12-27 10:34:00","task-Scheduled-5","1224","INFO","任务【1224】定时同步执行完成",""
"2021-12-27 10:35:00","task-Scheduled-5","1224","INFO","任务【1224】定时同步开始执行",""
"2021-12-27 10:35:00","task-Scheduled-5","1224","INFO","任务【1224】定时同步执行完成",""
"2021-12-27 10:36:00","task-Scheduled-5","1224","INFO","任务【1224】定时同步开始执行",""
"2021-12-27 10:36:00","task-Scheduled-5","1224","INFO","任务【1224】定时同步执行完成",""
"2021-12-27 11:12:00","thinkDiff-1","1224","INFO","任务【1224】定时同步开始执行",""
"2021-12-27 11:12:00","thinkDiff-1","1224","INFO","任务【1224】定时同步执行完成",""
"2021-12-27 11:13:00","thinkDiff-1","1224","INFO","任务【1224】定时同步开始执行",""
"2021-12-27 11:13:00","thinkDiff-1","1224","INFO","任务【1224】定时同步执行完成",""
"2021-12-27 11:14:00","thinkDiff-2","1224","INFO","任务【1224】定时同步开始执行",""
"2021-12-27 11:14:00","thinkDiff-2","1224","INFO","任务【1224】定时同步执行完成",""
"2021-12-27 11:15:00","thinkDiff-1","1224","INFO","任务【1224】定时同步开始执行",""
"2021-12-27 11:15:00","thinkDiff-1","1224","INFO","任务【1224】定时同步执行完成",""
"2021-12-27 11:16:00","thinkDiff-1","1224","INFO","任务【1224】定时同步开始执行",""
"2021-12-27 11:16:00","thinkDiff-1","1224","INFO","任务【1224】定时同步执行完成",""
"2021-12-27 11:17:00","thinkDiff-1","1224","INFO","任务【1224】定时同步开始执行",""
"2021-12-27 11:17:00","thinkDiff-1","1224","INFO","任务【1224】定时同步执行完成",""
"2021-12-27 11:18:00","thinkDiff-2","1224","INFO","任务【1224】定时同步开始执行",""
"2021-12-27 11:18:00","thinkDiff-2","1224","INFO","任务【1224】定时同步执行完成",""
"2021-12-27 11:19:00","thinkDiff-1","1224","INFO","任务【1224】定时同步开始执行",""
"2021-12-27 11:19:00","thinkDiff-1","1224","INFO","任务【1224】定时同步执行完成",""
"2021-12-27 11:20:00","thinkDiff-3","1224","INFO","任务【1224】定时同步开始执行",""
"2021-12-27 11:20:00","thinkDiff-3","1224","INFO","任务【1224】定时同步执行完成",""
"2021-12-27 11:21:00","thinkDiff-1","1224","INFO","任务【1224】定时同步开始执行",""
"2021-12-27 11:21:00","thinkDiff-1","1224","INFO","任务【1224】定时同步执行完成",""
"2021-12-27 11:22:00","thinkDiff-1","1224","INFO","任务【1224】定时同步开始执行",""
"2021-12-27 11:22:00","thinkDiff-1","1224","INFO","任务【1224】定时同步执行完成",""
"2021-12-27 11:23:00","thinkDiff-2","1224","INFO","任务【1224】定时同步开始执行",""
"2021-12-27 11:23:00","thinkDiff-2","1224","INFO","任务【1224】定时同步执行完成",""
"2021-12-27 11:24:00","thinkDiff-1","1224","INFO","任务【1224】定时同步开始执行",""
"2021-12-27 11:24:00","thinkDiff-1","1224","INFO","任务【1224】定时同步执行完成",""
"2021-12-27 11:25:00","thinkDiff-3","1224","INFO","任务【1224】定时同步开始执行",""
"2021-12-27 11:25:00","thinkDiff-3","1224","INFO","任务【1224】定时同步执行完成",""
"2021-12-27 11:26:00","thinkDiff-2","1224","INFO","任务【1224】定时同步开始执行",""
"2021-12-27 11:26:00","thinkDiff-2","1224","INFO","任务【1224】定时同步执行完成",""
